[
  {
    "product": "Item: Автомобільний РК-монітор 7\"(16 9), AV/VGA/HDMI роз'єми, 1024*600ips, 12-24V, BOX h, Type: Монітори, Price: 2 828 ₴, Shop: Nice Price, Is available: true",
    "quantity": 1
  },
  {
    "product": "Item: Монітор для відеоспостереження TFT 5\", 12V, BOX h, Type: Монітори, Price: 1 241 ₴, Shop: Nice Price, Is available: true",
    "quantity": 1
  },
  {
    "product": "Item: Автомобільний РК-монітор 7\"(16:9) панель IPS, AV/VGA/HDMI роз'єми, 1024*600ips, 12-24V, BOX h, Type: Монітори, Price: 3 150 ₴, Shop: Nice Price, Is available: true",
    "quantity": 1
  },
  {
    "product": "Item: Кабель мультимедійний DisplayPort to HDMI 5.0m Cablexpert (CC-DP-HDMI-5M) fr, Type: Монітори, Price: 508.13 ₴, Shop: ferst, Is available: true",
    "quantity": 1
  },
  {
    "product": "Item: Кабель мультимедійний Display Port to DVI 24+1pin, 1.0m Cablexpert (CC-DPM-DVIM-1M) fr, Type: Монітори, Price: 303.94 ₴, Shop: ferst, Is available: true",
    "quantity": 1
  },
  {
    "product": "Item: Кабель мультимедійний DVI-D to DVI-D 1.5m PowerPlant (KD00AS1283) fr, Type: Монітори, Price: 379.04 ₴, Shop: ferst, Is available: true",
    "quantity": 1
  },
  {
    "product": "Item: Кабель мультимедийный Jack 3.5mm female 4-pin to 2x Jack 3.5mm male 0.2m Cablexpert (CCA-418) fr, Type: Монітори, Price: 125.56 ₴, Shop: ferst, Is available: true",
    "quantity": 1
  },
  {
    "product": "Item: Кабель мультимедійний Display Port to Display Port 1.0m Cablexpert (CC-DP-1M) fr, Type: Монітори, Price: 231.18 ₴, Shop: ferst, Is available: true",
    "quantity": 1
  },
  {
    "product": "Item: Кабель мультимедійний HDMI A to HDMI C (mini), 3.0m Cablexpert (CC-HDMI4C-10) fr, Type: Монітори, Price: 259.34 ₴, Shop: ferst, Is available: true",
    "quantity": 1
  },
  {
    "product": "Item: Кабель мультимедійний HDMI to DVI 1.8m REAL-EL (EL123500013) fr, Type: Монітори, Price: 283.99 ₴, Shop: ferst, Is available: true",
    "quantity": 1
  },
  {
    "product": "Item: Кабель мультимедійний Display Port to Display Port 1.8m Patron (CAB-PN-DP-DP-18) fr, Type: Монітори, Price: 319.19 ₴, Shop: ferst, Is available: true",
    "quantity": 1
  },
  {
    "product": "Item: Кабель мультимедийный подовжувач Jack 3.5mm папа/Jack 3.5mm мама Cablexpert (CCA-423-3M) fr, Type: Монітори, Price: 119.70 ₴, Shop: ferst, Is available: true",
    "quantity": 1
  },
  {
    "product": "Item: Кабель мультимедійний VGA 1.5m Atcom (7789) fr, Type: Монітори, Price: 185.41 ₴, Shop: ferst, Is available: true",
    "quantity": 1
  },
  {
    "product": "Item: Кабель мультимедийный подовжувач Jack 3.5mm папа/Jack 3.5mm мама Cablexpert (CCA-423) fr, Type: Монітори, Price: 107.97 ₴, Shop: ferst, Is available: true",
    "quantity": 1
  },
  {
    "product": "Item: Кабель мультимедійний RCA SCART, 1.8 m Cablexpert (CCV-519-001) fr, Type: Монітори, Price: 174.85 ₴, Shop: ferst, Is available: true",
    "quantity": 1
  },
  {
    "product": "Item: Кабель мультимедійний аудіо оптичний 1.8m Atcom (10703) fr, Type: Монітори, Price: 286.34 ₴, Shop: ferst, Is available: true",
    "quantity": 1
  },
  {
    "product": "Item: Монітор портативний ARZOPA A1 14.1\" ігровий дисплей Switch ps4 ps5 Xbox ноутбук, Type: Монітори, Price: 5 300 ₴, Shop: \"Місто Гаджетів\" інтернет магазин, Is available: true",
    "quantity": 1
  },
  {
    "product": "Item: Кабель мультимедійний miniDisplayPort to HDMI 1.8m Cablexpert (CC-mDP-HDMI-6) fr, Type: Монітори, Price: 413.07 ₴, Shop: ferst, Is available: true",
    "quantity": 1
  },
  {
    "product": "Item: Кабель мультимедійний HDMI A to HDMI C (mini), 5.0m PowerPlant (KD00AS1246) fr, Type: Монітори, Price: 441.24 ₴, Shop: ferst, Is available: true",
    "quantity": 1
  },
  {
    "product": "Item: Кабель мультимедійний Jack 3.5 mm 3 m MM 3С Vinga (VCPDCJ35MM3BK) fr, Type: Монітори, Price: 107.97 ₴, Shop: ferst, Is available: true",
    "quantity": 1
  },
  {
    "product": "Item: Кабель мультимедійний HDMI A to HDMI D (micro), 5.0m PowerPlant (KD00AS1245) fr, Type: Монітори, Price: 397.82 ₴, Shop: ferst, Is available: true",
    "quantity": 1
  },
  {
    "product": "Item: Кабель мультимедийный подовжувач Jack 3.5mm папа/Jack 3.5mm мама Cablexpert (CCA-423-5M) fr, Type: Монітори, Price: 125.56 ₴, Shop: ferst, Is available: true",
    "quantity": 1
  },
  {
    "product": "Item: Кабель мультимедійний HDMI to HDMI 0.5m Maxxter (V-HDMI4-0.5M) fr, Type: Монітори, Price: 125.56 ₴, Shop: ferst, Is available: true",
    "quantity": 1
  },
  {
    "product": "Item: Кабель мультимедійний VGA M/F 1.8m Cablexpert (CC-PPVGAX-6B) fr, Type: Монітори, Price: 231.18 ₴, Shop: ferst, Is available: true",
    "quantity": 1
  },
  {
    "product": "Item: Кабель мультимедійний HDMI male to female 1.8m Cablexpert (CC-HDMI4X-6) fr, Type: Монітори, Price: 231.18 ₴, Shop: ferst, Is available: true",
    "quantity": 1
  },
  {
    "product": "Item: Кабель мультимедійний HDMI A to HDMI D (micro), 3.0m Cablexpert (CC-HDMID-10) fr, Type: Монітори, Price: 252.31 ₴, Shop: ferst, Is available: true",
    "quantity": 1
  },
  {
    "product": "Item: Кабель мультимедійний HDMI to DVI 18+1pin M, 3.0m Cablexpert (CC-HDMI-DVI-10) fr, Type: Монітори, Price: 252.31 ₴, Shop: ferst, Is available: true",
    "quantity": 1
  },
  {
    "product": "Item: Кабель мультимедійний HDMI male to female 3.0m Cablexpert (CC-HDMI4X-10) fr, Type: Монітори, Price: 259.34 ₴, Shop: ferst, Is available: true",
    "quantity": 1
  },
  {
    "product": "Item: Розгалужувач Digitus крученої пари, STP, cat.5e, 1x2RJ-45 (DN-93904) fr, Type: Монітори, Price: 274.60 ₴, Shop: ferst, Is available: true",
    "quantity": 1
  },
  {
    "product": "Item: Кабель мультимедійний Display Port to HDMI 1.8m Cablexpert (CC-DP-HDMI-6) fr, Type: Монітори, Price: 326.24 ₴, Shop: ferst, Is available: true",
    "quantity": 1
  },
  {
    "product": "Item: Кабель мультимедійний Display Port to Display Port 1.8m v1.2 Cablexpert (CC-DP2-6) fr, Type: Монітори, Price: 282.81 ₴, Shop: ferst, Is available: true",
    "quantity": 1
  },
  {
    "product": "Item: Кабель мультимедійний 3RCA to 3RCA 1.8m Atcom (10711) fr, Type: Монітори, Price: 164.29 ₴, Shop: ferst, Is available: true",
    "quantity": 1
  },
  {
    "product": "Item: Кабель мультимедійний HDMI to DVI 18+1pin M, 0.5m Cablexpert (CC-HDMI-DVI-0.5M) fr, Type: Монітори, Price: 213.58 ₴, Shop: ferst, Is available: true",
    "quantity": 1
  },
  {
    "product": "Item: Полиця на монітор tl, Type: Монітори, Price: 279.50 ₴, Shop: Svitlomagazun, Is available: true",
    "quantity": 1
  },
  {
    "product": "Item: Полиця на монітор an, Type: Монітори, Price: 281.65 ₴, Shop: AnnIvanivna, Is available: true",
    "quantity": 1
  },
  {
    "product": "Item: Полиця на монітор mg, Type: Монітори, Price: 280.80 ₴, Shop: Dobromagazin, Is available: true",
    "quantity": 1
  },
  {
    "product": "Item: 5x CCFL лампа підсвічування РК монітора 19 16:9, 417 мм hd, Type: Монітори, Price: 250.53 ₴, Shop: HAD, Is available: true",
    "quantity": 1
  },
  {
    "product": "Item: CCFL лампа підсвічування РК монітора 19 16:9, 417 мм hd, Type: Монітори, Price: 250.53 ₴, Shop: HAD, Is available: true",
    "quantity": 1
  },
  {
    "product": "Item: 5x CCFL лампа підсвічування РК монітора 22 16:9, 482мм hd, Type: Монітори, Price: 407.85 ₴, Shop: HAD, Is available: true",
    "quantity": 1
  },
  {
    "product": "Item: Універсальний інвертор на 2 CCFL лампи 10-26\", AVT2028 hd, Type: Монітори, Price: 186.44 ₴, Shop: HAD, Is available: true",
    "quantity": 1
  },
  {
    "product": "Item: 5x CCFL лампа підсвічування РК монітора 19 16:9, 417 мм lb, Type: Монітори, Price: 250.70 ₴, Shop: Lebo, Is available: true",
    "quantity": 1
  },
  {
    "product": "Item: CCFL лампа підсвічування РК монітора 19 16:9, 417 мм lb, Type: Монітори, Price: 250.70 ₴, Shop: Lebo, Is available: true",
    "quantity": 1
  },
  {
    "product": "Item: Універсальний інвертор на 2 CCFL лампи 10-26\", AVT2028 lb, Type: Монітори, Price: 186.57 ₴, Shop: Lebo, Is available: true",
    "quantity": 1
  },
  {
    "product": "Item: 5x CCFL лампа підсвічування РК монітора 19 16:9, 417 мм st, Type: Монітори, Price: 250.99 ₴, Shop: Strum, Is available: true",
    "quantity": 1
  },
  {
    "product": "Item: CCFL лампа підсвічування РК монітора 19 16:9, 417 мм st, Type: Монітори, Price: 250.99 ₴, Shop: Strum, Is available: true",
    "quantity": 1
  },
  {
    "product": "Item: Універсальний інвертор на 2 CCFL лампи 10-26\", AVT2028 st, Type: Монітори, Price: 186.79 ₴, Shop: Strum, Is available: true",
    "quantity": 1
  },
  {
    "product": "Item: Автомобільний РК-монітор 10.1 \", AV + VGA + HDMI + RCA роз'єми, 1024 * 600ips, 12-24V, BOX i, Type: Монітори, Price: 4 622 ₴, Shop: ВИШНЯ, Is available: true",
    "quantity": 1
  },
  {
    "product": "Item: Автомобільний РК-монітор 7\"(16 9), AV/VGA/HDMI роз'єми, 1024*600ips, 12-24V, BOX i, Type: Монітори, Price: 2 828 ₴, Shop: ВИШНЯ, Is available: true",
    "quantity": 1
  },
  {
    "product": "Item: Монітор для відеоспостереження TFT 5\", 12V, BOX i, Type: Монітори, Price: 1 241 ₴, Shop: ВИШНЯ, Is available: true",
    "quantity": 1
  },
  {
    "product": "Item: Автомобільний РК-монітор 7\"(16:9) панель IPS, AV/VGA/HDMI роз'єми, 1024*600ips, 12-24V, BOX i, Type: Монітори, Price: 3 150 ₴, Shop: ВИШНЯ, Is available: true",
    "quantity": 1
  },
  {
    "product": "Item: Кабель мультимедійний Display Port to HDMI 3.0m Cablexpert (CC-DP-HDMI-3M) fr, Type: Монітори, Price: 334.45 ₴, Shop: ferst, Is available: true",
    "quantity": 1
  },
  {
    "product": "Item: Кабель мультимедійний Display Port to Display Port 3.0m Cablexpert (CC-DP2-10) fr, Type: Монітори, Price: 318.02 ₴, Shop: ferst, Is available: true",
    "quantity": 1
  },
  {
    "product": "Item: Кабель мультимедійний miniDisplayPort to DisplayPort 1.8m Cablexpert (CCP-mDP2-6) fr, Type: Монітори, Price: 282.81 ₴, Shop: ferst, Is available: true",
    "quantity": 1
  },
  {
    "product": "Item: Кабель мультимедійний Jack 3.5mm тато/2RCA мама Cablexpert (CCA-406) fr, Type: Монітори, Price: 117.35 ₴, Shop: ferst, Is available: true",
    "quantity": 1
  },
  {
    "product": "Item: Кабель мультимедійний HDMI to VGA/3*RCA 1.0m 1080p PowerPlant (CA912018) fr, Type: Монітори, Price: 461.19 ₴, Shop: ferst, Is available: true",
    "quantity": 1
  },
  {
    "product": "Item: Автомобільний РК-монітор 10.1 \", AV + VGA + HDMI + RCA роз'єми, 1024 * 600ips, 12-24V, BOX h, Type: Монітори, Price: 4 622 ₴, Shop: Nice Price, Is available: true",
    "quantity": 1
  },
  {
    "product": "Item: Розгалужувач Digitus крученої пари, STP, cat.5e, 1x2RJ-45 (DN-93904) fr, Type: Монітори, Price: 274.60 ₴, Shop: ferst, Is available: true",
    "quantity": 1
  },
  {
    "product": "Item: Кабель мультимедійний Display Port to HDMI 1.8m Cablexpert (CC-DP-HDMI-6) fr, Type: Монітори, Price: 326.24 ₴, Shop: ferst, Is available: true",
    "quantity": 1
  },
  {
    "product": "Item: Кабель мультимедійний Display Port to Display Port 1.8m v1.2 Cablexpert (CC-DP2-6) fr, Type: Монітори, Price: 282.81 ₴, Shop: ferst, Is available: true",
    "quantity": 1
  },
  {
    "product": "Item: Кабель мультимедійний 3RCA to 3RCA 1.8m Atcom (10711) fr, Type: Монітори, Price: 164.29 ₴, Shop: ferst, Is available: true",
    "quantity": 1
  },
  {
    "product": "Item: Кабель мультимедійний HDMI to DVI 18+1pin M, 0.5m Cablexpert (CC-HDMI-DVI-0.5M) fr, Type: Монітори, Price: 213.58 ₴, Shop: ferst, Is available: true",
    "quantity": 1
  },
  {
    "product": "Item: Полиця на монітор tl, Type: Монітори, Price: 279.50 ₴, Shop: Svitlomagazun, Is available: true",
    "quantity": 1
  },
  {
    "product": "Item: Полиця на монітор an, Type: Монітори, Price: 281.65 ₴, Shop: AnnIvanivna, Is available: true",
    "quantity": 1
  },
  {
    "product": "Item: Полиця на монітор mg, Type: Монітори, Price: 280.80 ₴, Shop: Dobromagazin, Is available: true",
    "quantity": 1
  },
  {
    "product": "Item: 5x CCFL лампа підсвічування РК монітора 19 16:9, 417 мм hd, Type: Монітори, Price: 250.53 ₴, Shop: HAD, Is available: true",
    "quantity": 1
  },
  {
    "product": "Item: CCFL лампа підсвічування РК монітора 19 16:9, 417 мм hd, Type: Монітори, Price: 250.53 ₴, Shop: HAD, Is available: true",
    "quantity": 1
  },
  {
    "product": "Item: 5x CCFL лампа підсвічування РК монітора 22 16:9, 482мм hd, Type: Монітори, Price: 407.85 ₴, Shop: HAD, Is available: true",
    "quantity": 1
  },
  {
    "product": "Item: Універсальний інвертор на 2 CCFL лампи 10-26\", AVT2028 hd, Type: Монітори, Price: 186.44 ₴, Shop: HAD, Is available: true",
    "quantity": 1
  },
  {
    "product": "Item: 5x CCFL лампа підсвічування РК монітора 19 16:9, 417 мм lb, Type: Монітори, Price: 250.70 ₴, Shop: Lebo, Is available: true",
    "quantity": 1
  },
  {
    "product": "Item: CCFL лампа підсвічування РК монітора 19 16:9, 417 мм lb, Type: Монітори, Price: 250.70 ₴, Shop: Lebo, Is available: true",
    "quantity": 1
  },
  {
    "product": "Item: Універсальний інвертор на 2 CCFL лампи 10-26\", AVT2028 lb, Type: Монітори, Price: 186.57 ₴, Shop: Lebo, Is available: true",
    "quantity": 1
  },
  {
    "product": "Item: 5x CCFL лампа підсвічування РК монітора 19 16:9, 417 мм st, Type: Монітори, Price: 250.99 ₴, Shop: Strum, Is available: true",
    "quantity": 1
  },
  {
    "product": "Item: CCFL лампа підсвічування РК монітора 19 16:9, 417 мм st, Type: Монітори, Price: 250.99 ₴, Shop: Strum, Is available: true",
    "quantity": 1
  },
  {
    "product": "Item: Універсальний інвертор на 2 CCFL лампи 10-26\", AVT2028 st, Type: Монітори, Price: 186.79 ₴, Shop: Strum, Is available: true",
    "quantity": 1
  },
  {
    "product": "Item: Автомобільний РК-монітор 10.1 \", AV + VGA + HDMI + RCA роз'єми, 1024 * 600ips, 12-24V, BOX i, Type: Монітори, Price: 4 622 ₴, Shop: ВИШНЯ, Is available: true",
    "quantity": 1
  },
  {
    "product": "Item: Автомобільний РК-монітор 7\"(16 9), AV/VGA/HDMI роз'єми, 1024*600ips, 12-24V, BOX i, Type: Монітори, Price: 2 828 ₴, Shop: ВИШНЯ, Is available: true",
    "quantity": 1
  },
  {
    "product": "Item: Монітор для відеоспостереження TFT 5\", 12V, BOX i, Type: Монітори, Price: 1 241 ₴, Shop: ВИШНЯ, Is available: true",
    "quantity": 1
  },
  {
    "product": "Item: Автомобільний РК-монітор 7\"(16:9) панель IPS, AV/VGA/HDMI роз'єми, 1024*600ips, 12-24V, BOX i, Type: Монітори, Price: 3 150 ₴, Shop: ВИШНЯ, Is available: true",
    "quantity": 1
  },
  {
    "product": "Item: Кабель мультимедійний Display Port to HDMI 3.0m Cablexpert (CC-DP-HDMI-3M) fr, Type: Монітори, Price: 334.45 ₴, Shop: ferst, Is available: true",
    "quantity": 1
  },
  {
    "product": "Item: Кабель мультимедійний Display Port to Display Port 3.0m Cablexpert (CC-DP2-10) fr, Type: Монітори, Price: 318.02 ₴, Shop: ferst, Is available: true",
    "quantity": 1
  },
  {
    "product": "Item: Кабель мультимедійний miniDisplayPort to DisplayPort 1.8m Cablexpert (CCP-mDP2-6) fr, Type: Монітори, Price: 282.81 ₴, Shop: ferst, Is available: true",
    "quantity": 1
  },
  {
    "product": "Item: Кабель мультимедійний Jack 3.5mm тато/2RCA мама Cablexpert (CCA-406) fr, Type: Монітори, Price: 117.35 ₴, Shop: ferst, Is available: true",
    "quantity": 1
  },
  {
    "product": "Item: Кабель мультимедійний HDMI to VGA/3*RCA 1.0m 1080p PowerPlant (CA912018) fr, Type: Монітори, Price: 461.19 ₴, Shop: ferst, Is available: true",
    "quantity": 1
  },
  {
    "product": "Item: Автомобільний РК-монітор 10.1 \", AV + VGA + HDMI + RCA роз'єми, 1024 * 600ips, 12-24V, BOX h, Type: Монітори, Price: 4 622 ₴, Shop: Nice Price, Is available: true",
    "quantity": 1
  }
]